,exp_return,Asset_A,Asset_B,Asset_C
Asset_A,0.08,0.0225,0.009,0.0015
Asset_B,0.1,0.009,0.04000000000000001,0.004000000000000001
Asset_C,0.06,0.0015,0.004000000000000001,0.010000000000000002
